"SOILDESC,C,60","AEZ,C,10","SoilSeries,C,30","Hectares,N,19,11",,Source: https://www.bswm.da.gov.ph/bswm-maps/?
Water body (includes no data),,,279097.345,,Feel ko mas useful yung data na nasa mismong site
Abatan clay loam,Highlands,Abatan,12787.40642,,
Aborlan loam,Uplands,Aborlan,17412.90092,,
Adtuyon clay,Uplands,Adtuyon,230257.4347,,
Adtuyon clay loam,Uplands,Adtuyon,148709.1723,,
Adtuyon clay stony phase,Uplands,Adtuyon,14974.85103,,
Adtuyon La Castellana complex,Uplands,Adtuyon,13428.57143,,
Adtuyon loam,Uplands,Adtuyon,197145.3065,,
Alaminos clay,Uplands,Alaminos,57942.46809,,
Alaminos clay loam,Uplands,Alaminos,177406.3942,,
Alaminos loam,Uplands,Alaminos,96752.48868,,
Alaminos sandy loam,Uplands,Alaminos,21551.07961,,
Alaminos silty clay loam,Uplands,Alaminos,21593.41357,,
Alaminos soil (undifferentiated),Uplands,Alaminos,46249.61507,,
Alimodian - Barotac complex,Highlands,Alimodian,8940.292025,,
Alimodian clay,Highlands,Alimodian,33716.66064,,
Alimodian clay loam,Highlands,Alimodian,478634.1831,,
Alimodian sandy clay,Highlands,Alimodian,103558.2767,,
Alimodian sandy clay loam,Highlands,Alimodian,3110.047362,,
Alimodian sandy loam,Highlands,Alimodian,116522.0401,,
Alimodian silt loam,Highlands,Alimodian,2995.835859,,
"Alimodian soils, undifferentiated",Highlands,Alimodian,48691.36234,,
Ambassador silt loam,Highlands,Ambassador,9987.649276,,
Anao-aon silty clay,Lowlands,Anao-aon,9352.482039,,
Angeles sand,Lowlands,Angeles,103215.2649,,
Angeles sandy loam,Lowlands,Angeles,5101.6775,,
Angeles soil (undifferentiated,Lowlands,Angeles,33246.93385,,
Annam clay,Uplands,Annam,35101.56209,,
Annam clay loam,Uplands,Annam,512840.0141,,
Annam loam gravelly phase,Uplands,Annam,97517.61942,,
Annam sandy clay loam,Uplands,Annam,10754.35469,,
Annam silt loam,Uplands,Annam,12776.77359,,
Antipolo - Alimoidan - Luisiana complex,Highlands,Antipolo,95059.8003,,
Antipolo clay,Highlands,Antipolo,237607.7175,,
Antipolo clay loam,Highlands,Antipolo,66158.27533,,
Antipolo sandy clay,Highlands,Antipolo,89426.56057,,
Antipolo soils (undiferrentiated),Highlands,Antipolo,99029.43125,,
Arayat clay loam,Highlands,Arayat,6808.071127,,
Arayat sandy clay loam,Highlands,Arayat,1447.487645,,
Aroman clay loam,Uplands,Aroman,81581.29471,,
Atok clay loam,Highlands,Atok,1786.747504,,
Babuyan clay,Lowlands,Babuyan,6526.886734,,
Babuyan silty clay,Lowlands,Babuyan,19730.9199,,
Bad-as sandy loam,Highlands,Bad-as,6025.626187,,
Bago clay loam,Lowlands,Bago,14643.28043,,
Bago loam,Lowlands,Bago,2883.94437,,
Bago sandy clay loam,Lowlands,Bago,99237.25843,,
Bago sandy loam,Lowlands,Bago,14733.69251,,
Baguio clay loam,Highlands,Baguio,77644.24247,,
Bakakeng sandy loam,Highlands,Bakakeng,12740.15831,,
Balakbak gravelly clay loam,Highlands,Balakbak,756.1375371,,
Balanacan clay,Highlands,Balanacan,6113.935232,,
Baler silty clay loam,Lowlands,Baler,34385.75761,,
Baliangao clay loam,Uplands,Baliangao,1926.990202,,
Balili  loam gravelly phase,Highlands,Balili,320.7779417,,
Balongay clay,Lowlands,Balongay,8327.389175,,
Baluarte clay loam,Lowlands,Baluarte,631.8702794,,
Balut clay loam,Highlands,Balut,24702.51077,,
Balut loam,Highlands,Balut,204.4620497,,
Bancal clay,Lowlands,Bancal,6841.359192,,
Bancal clay loam,Lowlands,Bancal,3112.883821,,
Banga sandy loam,Lowlands,Banga,103764.767,,
Banhigan clay loam,Highlands,Banhigan,16271.31838,,
Bani clay,Uplands,Bani,71900.04425,,
Bantay - Annam complex,Uplands,Bantay,3779.136851,,
Bantay clay loam,Uplands,Bantay,149772.6781,,
Bantay loam,Uplands,Bantay,18081.89545,,
Bantay sandy loam,Uplands,Bantay,568.3092538,,
Bantay silty clay loam,Uplands,Bantay,17983.51881,,
Banto-Malalag complex,Uplands,Banto,6785.004374,,
Banto clay loam,Uplands,Banto,41707.8047,,
Bantog clay,Lowlands,Bantog,82647.6961,,
Bantog clay loam,Lowlands,Bantog,73806.79853,,
Bantog sandy loam,Lowlands,Bantog,57.90806632,,
Bantog silt loam,Lowlands,Bantog,360.9537484,,
Bantog silty clay,Lowlands,Bantog,217.8096631,,
Bantog silty clay loam,Lowlands,Bantog,1839.974851,,
Barcelona clay,Uplands,Barcelona,2894.192235,,
Barotac clay loam,Highlands,Barotac,4728.725809,,
Barotac loam,Highlands,Barotac,28108.14931,,
Barotac loam lowland phase,Highlands,Barotac,3461.737383,,
Bascaran clay,Lowlands,Bascaran,7976.817079,,
Bascaran sandy clay,Lowlands,Bascaran,546.7266355,,
Bascaran sandy loam,Lowlands,Bascaran,451.0922394,,
Batuan - Faraon complex,Uplands,Batuan,48153.94774,,
Batuan clay loam,Uplands,Batuan,2554.194401,,
Batuan loam gravelly phase,Uplands,Batuan,12539.53397,,
Bauang clay,Highlands,Bauang,143510.8359,,
Bauang clay loam,Highlands,Bauang,82447.40419,,
Bauang silty clay loam,Highlands,Bauang,1432.408573,,
Bauyan clay loam,Uplands,Bauyan,18530.40119,,
Bay clay,Lowlands,Bay,1132.403332,,
Bay clay loam,Lowlands,Bay,7489.034061,,
Bay loam,Lowlands,Bay,1226.870836,,
Bayho clay loam,Highlands,Bayho,59651.76751,,
Beach sand,Lowlands,Beach sand,84578.11096,,
Bineng loam,Highlands,Bineng,485.446071,,
Bigaa clay,Lowlands,Bigaa,31546.1142,,
Bigaa clay loam,Lowlands,Bigaa,25158.64443,,
Bigaa loam,Lowlands,Bigaa,27130.58322,,
Bigaa sandy clay loam,Lowlands,Bigaa,1075.791688,,
Bigaa sandy loam,Lowlands,Bigaa,753.9532076,,
Bigaa silty clay loam,Lowlands,Bigaa,568.4946187,,
Binangonan clay,Uplands,Binangonan,12222.41453,,
Binangonan clay (Lowland Phase),Uplands,Binangonan - Lowland,3233.456634,,
Binidayan silt loam,Lowlands,Binidayan,44764.44988,,
Bituin clay,Highlands,Bituin,40997.9845,,
Boac clay,Uplands,Boac,2554.34911,,
Boac clay loam,Uplands,Boac,3906.402212,,
Bog deep,Lowlands,Bog deep,1365.509236,,
Bolinao clay,Uplands,Bolinao,371904.1693,,
Bolinao clay (Steep phase),Uplands,Bolinao,47255.75914,,
Bolinao clay loam,Uplands,Bolinao,223011.6418,,
Bolinao loam,Uplands,Bolinao,3175.067967,,
Bolinao silt loam,Uplands,Bolinao,20113.65143,,
Bolog clay,Uplands,Bolog,9165.890803,,
Brooke's clay,Lowlands,Brookes,57678.60545,,
Brooke's clay loam,Lowlands,Brookes,17101.94206,,
Brooke's loam,Lowlands,Brookes,1585.065605,,
Buayan clay loam,Lowlands,Buayan,7890.94973,,
Buenavista clay loam,Highlands,Buenavista,3770.845888,,
Buenavista sandy clay loam,Highlands,Buenavista,14490.1742,,
Buenavista silt loam,Highlands,Buenavista,13060.35149,,
Bugko loamy sand,Lowlands,Bugko,14558.62486,,
Bugko sandy loam,Lowlands,Bugko,888.3748558,,
Buguey loamy sand,Lowlands,Buguey,16619.47175,,
Bulacan clay loam,Uplands,Bulacan,109260.5846,,
Bulacan sandy clay loam,Uplands,Bulacan,11414.29354,,
Buldun sandy loam,Uplands,Buldun,6359.723162,,
Bulusan loam,Highlands,Bulusan,6573.457417,,
Bulusan sandy loam,Highlands,Bulusan,30762.93133,,
Burgos clay,Highlands,Burgos,12009.84101,,
Butuan clay,Lowlands,Butuan,35186.8009,,
Butuan loam,Lowlands,Butuan,70601.58508,,
Buyagan clay loam,Highlands,Buyagan,241.3568359,,
Cabahuan clay,Lowlands,Cabahuan,665.8178636,,
Cabangan clay,Lowlands,Cabangan,12394.38589,,
Cabangan clay loam,Lowlands,Cabangan,108925.4208,,
Cabangan sandy loam,Lowlands,Cabangan,6916.002411,,
Cadiz gravelly loam,Uplands,Cadiz,3271.066709,,
Calape clay loam,Lowlands,Calape,5630.146524,,
Calatagan clay loam,Uplands,Calatagan,14216.41946,,
Calauaig clay,Highlands,Calauaig,4689.753545,,
Calumpang clay,Lowlands,Calumpang,21222.18286,,
Calumpang silty clay loam,Lowlands,Calumpang,3565.563785,,
Camansa clay,Highlands,Camansa,179537.8156,,
Camansa sandy loam,Highlands,Camansa,32426.58785,,
Camasan sandy clay loam,Highlands,Camansa,584794.1502,,
Camiguin clay,Highlands,Camiguin,78899.21749,,
Candaba clay loam,Lowlands,Candaba,11269.7826,,
Candaba silt loam,Lowlands,Candaba,3659.722403,,
Candijay clay,Lowlands,Candijay,6020.3394,,
Carig clay loam,Highlands,Carig,41450.54259,,
Carig loam,Highlands,Carig,6411.536316,,
Carmona clay loam,Uplands,Carmona,7255.170415,,
Carmona clay loam (Steep Phase),Uplands,Carmona,1295.010558,,
Carmona sandy clay loam,Uplands,Carmona,4349.554669,,
Caromatan loam,Uplands,Caromatan,31660.62873,,
Casiguran clay loam,Uplands,Casiguran,43697.97394,,
Castilla - Bolinao complex,Uplands,Castilla,6475.054898,,
Castilla clay,Uplands,Castilla,140000.4395,,
Castilla clay loam,Uplands,Castilla,58418.1458,,
Cataingan clay,Uplands,Cataingan,71310.48441,,
Catanauan clay loam,Lowlands,Catanauan,9785.144545,,
Catbalogan clay loam,Highlands,Catbalogan,402354.4202,,
Catubig clay loam,Lowlands,Catubig,5771.786249,,
Catubig loam,Lowlands,Catubig,17429.99944,,
Cauayan clay,Uplands,Cauayan,6072.744573,,
Cauayan clay loam,Uplands,Cauayan,25071.9178,,
Cauayan loam,Uplands,Cauayan,13153.80969,,
Cauayan sandy loam,Uplands,Cauayan,90906.3819,,
Cervantes clay loam,Highlands,Cervantes,55496.82362,,
Cervantes loam,Highlands,Cervantes,36612.27221,,
Cervantes sandy clay loam,Highlands,Cervantes,21709.84465,,
Cervantes sandy loam,Highlands,Cervantes,7885.231297,,
Coron clay loam,Highlands,Coron,114674.2912,,
Culis loam,Uplands,Culis,3390.017977,,
Culis sandy clay loam,Uplands,Culis,1639.09924,,
Daclan clay,Highlands,Daclan,8655.768261,,
Dadiangas loamy sand,Lowlands,Dadiangas,16611.90217,,
Dadiangas sandy loam,Lowlands,Dadiangas,27451.572,,
Dagami clay loam,Lowlands,Dagami,1648.849157,,
Dalican clay loam,Lowlands,Dalican,13424.9484,,
Dauin clay,Lowlands,Dauin,718.376215,,
Dauin sandy loam,Lowlands,Dauin,127.8815754,,
Dinagat clay loam,Highlands,Dinagat,60029.93492,,
Dohinob gravelty silt loam,Uplands,Dohinob,50301.75203,,
Dolongan loamy sand,Lowlands,Dolongan,3485.018782,,
Dolores clay loam,Highlands,Dolores,1071.031863,,
Donsol sandy clay,Lowlands,Donsol,3090.894157,,
Dune land (Sand dunes),Lowlands,Dune land,6075.481944,,
"Espa├▒a loam, stony phase",Uplands,Espana,2155.982836,,
Espa├▒a sandy clay loam,Uplands,Espana,5690.183703,,
Faraon - Bolinao complex,Uplands,Faraon,834.686759,,
Faraon clay,Uplands,Faraon,787380.1167,,
Faraon clay (Steep phase),Uplands,Faraon,367509.5043,,
Faraon clay loam,Uplands,Faraon,28015.51682,,
Faraon sandy clay,Uplands,Faraon,29081.27659,,
Faraon sandy loam,Uplands,Faraon,479.4407889,,
Filled up soil,Lowlands,Filled up soil,4375.425301,,
Gasan clay loam,Lowlands,Gasan,157.2328809,,
Gasan loamy sand,Lowlands,Gasan,1117.785516,,
Glan clay loam,Lowlands,Glan,3421.262588,,
Gravel deposit,Lowlands,Gravel deposit,721.6648814,,
Guadalupe clay,Uplands,Guadalupe,25519.55348,,
Guadalupe clay adobe,Uplands,Guadalupe,15631.21418,,
Guadalupe clay loam,Uplands,Guadalupe,63809.72736,,
Guadalupe loam,Uplands,Guadalupe,9010.638573,,
Guadalupe sand,Uplands,Guadalupe,222.8851119,,
Guadalupe silt loam,Uplands,Guadalupe,378.8865454,,
Guimaras gravelly loam,Uplands,Guimaras,39040.88856,,
Guimaras sandy clay loam,Uplands,Guimaras,877.7852699,,
Guimbalaon-Annam complex,Uplands,Guimbalaon,19543.96231,,
Guimbalaon clay,Uplands,Guimbalaon,129178.8073,,
Guimbalaon clay loam,Uplands,Guimbalaon,91392.78067,,
Guimbalaon clay loam  gravelly phase,Uplands,Guimbalaon,18739.78436,,
Guimbalaon clay loam (eroded phase),Uplands,Guimbalaon,20009.33962,,
Guimbalaon clay loam stony phase,Uplands,Guimbalaon,592.6839359,,
Guimbalaon loam,Uplands,Guimbalaon,34296.91004,,
Guimbalaon loam gravelly phase,Uplands,Guimbalaon,13140.34242,,
Guimbalaon sandy,Uplands,Guimbalaon,10622.36135,,
Guimbalaon sandy loam,Uplands,Guimbalaon,9003.613211,,
Guinaoang Sandy loam,Highlands,Guinaoang,22126.07867,,
Guinobatan sandy loam,Highlands,Guinobatan,8792.13748,,
Halsema clay loam,Highlands,Halsema,639.2749353,,
Hermani loam,Lowlands,Hermani,533.4672066,,
Himayangan clay loam,Highlands,Himayangan,5978.735976,,
Himayangan sandy clay loam,Highlands,Himayangan,32327.00623,,
Hydrosol,Lowlands,Hydrosol,393960.6802,,
Ibaan clay loam,Uplands,Ibaan,43333.80614,,
Ibaan loam,Uplands,Ibaan,41492.16571,,
Ibaan loam (Gravelly Phase),Uplands,Ibaan,25714.71499,,
Ilagan loam,Highlands,Ilagan,68306.50464,,
Ilagan sandy loam (eroded phase),Highlands,Ilagan,37606.79842,,
Inabanga clay,Uplands,Inabanga,4632.543161,,
Indan loam,Lowlands,Indan,629.7569035,,
Indan silt loam,Lowlands,Indan,5270.738305,,
Irosin sandy loam,Lowlands,Irosin,1191.39794,,
Irosin silt loam,Lowlands,Irosin,1671.974632,,
Isabela clay,Lowlands,Isabela,60753.91248,,
Isabela loam,Lowlands,Isabela,2392.722309,,
Isabela sandy loam,Lowlands,Isabela,2442.920277,,
Jamoyaon clay loam,Highlands,Jamoyaon,3101.654639,,
Jasaan-Bolinao complex,Uplands,Jasaan,5025.434486,,
Jasaan clay,Uplands,Jasaan,41037.63498,,
Jasaan clay loam,Uplands,Jasaan,46548.84836,,
Kabacan clay,Lowlands,Kabacan,46677.38503,,
Kabacan clay loam,Lowlands,Kabacan,19483.4887,,
Kabatohan loam,Highlands,Kabatohan,88696.7874,,
Kapatagan clay,Uplands,Kapatagan,6160.456142,,
Kidapawan clay loam,Uplands,Kidapawan,162603.4315,,
Kidapawan loam,Uplands,Kidapawan,67424.00243,,
Kidapawan sandy clay loam,Uplands,Kidapawan,51467.58793,,
Kitcharao clay loam,Lowlands,Kitcharao,895.3319869,,
Kitcharao silt loam,Lowlands,Kitcharao,3143.916865,,
Kudarangan clay,Uplands,Kudarangan,93548.6883,,
La Castellana clay loam,Uplands,La Castellana,102489.2736,,
"La Castellana clay loam, steep phase",Uplands,La Castellana,14900.02976,,
La Paz fine sand,Lowlands,La Paz,33778.43376,,
La Paz sand,Lowlands,La Paz,4299.772092,,
La Paz sandy loam,Lowlands,La Paz,24989.84236,,
La Paz silt loam,Lowlands,La Paz,11636.37804,,
La Trinidad loam,Lowlands,La Trinidad,400.4101279,,
Lagawe loam,Uplands,Lagawe,138.6375877,,
Lala loam,Uplands,Lala,6071.666665,,
Langa clay loam,Uplands,Langa,24858.50628,,
Langkong sandy loam,Uplands,Langkong,81546.08139,,
Lava flow,,Lava flow,3727.007523,,
Laylay sandy clay loam,Lowlands,Laylay,9746.016788,,
Laylay sandy loam,Lowlands,Laylay,284.2974475,,
Legaspi sandy clay loam,Lowlands,Legaspi,252.9965484,,
Legaspi sandy loam,Lowlands,Legaspi,7321.764453,,
"Legaspi sandy loam, stony phase",Lowlands,Legaspi,3648.713932,,
Legua clay loam,Lowlands,Legua,1393.205518,,
Libertad clay,Highlands,Libertad,18972.38086,,
Libi loam,Lowlands,Libi,1663.619141,,
Libon silty clay,Lowlands,Libon,12402.41925,,
Ligao loam,Lowlands,Ligao,3866.397414,,
Lipa loam,Uplands,Lipa,80660.32386,,
Lipa loam (Deep phase),Uplands,Lipa,12544.09628,,
"Lipa loam, steep phase",Uplands,Lipa,20.03295914,,
Lonos loam,Uplands,Lonos,14222.90143,,
Lonos sandy loam,Uplands,Lonos,8197.905696,,
Lourdes clay loam,Highlands,Lourdes,32328.44511,,
Lugo clay,Uplands,Lugo,90163.49956,,
Lugo clay loam,Uplands,Lugo,12525.83843,,
Luisiana - Annam complex,Highlands,Luisiana,1264.168094,,
Luisiana clay,Highlands,Luisiana,133787.0645,,
Luisiana clay loam,Highlands,Luisiana,273394.1837,,
Luisiana loam,Highlands,Luisiana,4655.658046,,
Luisiana sandy clay loam,Highlands,Luisiana,31554.81587,,
Luisita fine sandy loam,Lowlands,Luisita,15443.20249,,
Luisita sand,Lowlands,Luisita,21098.17831,,
Luisita sandy loam,Lowlands,Luisita,16009.21743,,
Lutayan sandy loam,Lowlands,Lutayan,20358.39767,,
Maapag clay,Lowlands,Maapag,14299.78474,,
Maasin clay,Uplands,Maasin,57141.70524,,
Mabini sandy clay loam,Lowlands,Mabini,690.4558456,,
Macabare clay loam,Lowlands,Macabare,1262.287859,,
Macabare sandy loam,Lowlands,Macabare,3101.938639,,
Macolod - PIli complex,Highlands,Macolod,19206.60122,,
Macolod clay,Highlands,Macolod,64343.77345,,
Macolod clay loam,Highlands,Macolod,28380.41941,,
Macolod clay loam (Steep phase),Highlands,Macolod,8024.369255,,
Macolod sandy loam,Highlands,Macolod,22142.29406,,
Macolod soil (undifferentiated,Highlands,Macolod,5075.095891,,
Madunga clay loam,Uplands,Madunga,117391.9789,,
Magallanes clay loam,Highlands,Magallanes,32362.39111,,
Magallanes clay loam (Steep phase),Highlands,Magallanes,8539.458448,,
Magallanes loam,Highlands,Magallanes,20468.12233,,
Magallanes sandy loam,Highlands,Magallanes,12374.46622,,
Magcalon sandy loam,Lowlands,Magcalon,1919.37146,,
Magsaysay silty clay,Uplands,Magsaysay,12213.51444,,
Makar loam,Uplands,Makar,10895.40658,,
Makato clay,Lowlands,Makato,4615.473649,,
Malabang sandy loam,Uplands,Malabang,35928.5136,,
Malalag-Faraon complex,Uplands,Malalag,6296.03807,,
Malalag clay,Uplands,Malalag,6702.03297,,
Malalag loam,Uplands,Malalag,363671.9748,,
Malalag silt loam,Uplands,Malalag,38207.24432,,
Malandag fine sandy loam,Lowlands,Malandag,2718.793365,,
Maligaya clay,Lowlands,Maligaya,9816.781197,,
Maligaya clay loam,Lowlands,Maligaya,23041.65376,,
Maligaya sandy clay loam,Lowlands,Maligaya,6037.826003,,
Maligaya silt loam,Lowlands,Maligaya,9517.616837,,
Maligaya silty clay loam,Lowlands,Maligaya,2513.173987,,
Malimono clay loam,Highlands,Malimono,21123.44702,,
Malinao sandy loam,Lowlands,Malinao,3117.416451,,
Malitbog clay,Highlands,Malitbog,10319.23621,,
Mambajao clay,Lowlands,Mambajao,20919.59667,,
Mambutay sandy loam,Lowlands,Mambutay,22730.35641,,
Manapla - Bago complex,Uplands,Manapla,1404.497549,,
Manapla loam,Uplands,Manapla,26717.67825,,
Mandawe clay,Lowlands,Mandawe,8831.450887,,
Mandawe clay loam,Lowlands,Mandawe,22801.05574,,
Mandawe loam,Lowlands,Mandawe,3068.552419,,
Mandawe silt loam,Lowlands,Mandawe,7662.278324,,
Mantalongon clay loam,Highlands,Mantalongon,15016.67569,,
Maranlig  sandy clay loam gravelly phase,Highlands,Maranlig,66197.16723,,
Maranlig clay,Highlands,Maranlig,1729.455834,,
Maranlig loam,Highlands,Maranlig,415.2769394,,
Marikina clay loam,Lowlands,Marikina,3821.31948,,
Marikina loam,Lowlands,Marikina,968.8912486,,
Marikina silt loam,Lowlands,Marikina,7747.06416,,
Marikina silty clay loam,Lowlands,Marikina,2201.97801,,
Matho clay,Uplands,Matho,119307.2705,,
Matina clay,Lowlands,Matina,14516.38543,,
Matina clay loam,Lowlands,Matina,26580.44992,,
Matuya-tuya clay loam,Lowlands,Matuya-tuya,333.079018,,
Mauraro sandy loam gravelly phase,Uplands,Mauraro,18219.51309,,
Maydolong sandy clay loam,Lowlands,Maydolong,709.9131181,,
Maydolong silt loam,Lowlands,Maydolong,479.0057506,,
Mayon sandy loam gravelly phase,Highlands,Mayon,13493.19646,,
Mayoyao clay loam,Uplands,Mayoyao,18987.91988,,
Medellin clay,Uplands,Medellin,9704.156694,,
Medellin clay loam,Uplands,Medellin,1454.406591,,
Mirador clay loam,Highlands,Mirador,6538.113009,,
Miral clay loam,Uplands,Miral,34981.23952,,
Mogpog clay loam,Lowlands,Mogpog,5381.920309,,
Mogpog sandy loam,Lowlands,Mogpog,1776.826643,,
Mogpog silt loam,Lowlands,Mogpog,864.6574563,,
Mountain soil (undifferentiated),Highlands,Mountain soil,7164254.956,,
Nambaran clay loam,Highlands,Nambaran,4650.767465,,
Nambaran sandy loam,Highlands,Nambaran,819.215054,,
Nangalisan gravelly clay loam,Highlands,Nangalisan,500.3218106,,
Natonin loam,Highlands,Natonin,18376.6644,,
Natubleng sandy loam,Highlands,Natubleng,12146.94387,,
Nayon clay loam,Uplands,Nayon,1328.628373,,
Novaliches clay loam,Highlands,Novaliches,29982.79796,,
Novaliches clay loam adobe phase,Highlands,Novaliches,14258.46379,,
Novaliches loam,Highlands,Novaliches,53753.1735,,
Nupol sandy loam,Highlands,Nupol,5948.149286,,
Obando fine sand,Lowlands,Obando,6241.630519,,
Obando fine sandy loam,Lowlands,Obando,3536.224674,,
Obando sand,Lowlands,Obando,2261.48537,,
Obando very fine sand,Lowlands,Obando,739.8141525,,
Odiongan clay loam,Highlands,Odiongan,5080.133427,,
Paete clay loam,Highlands,Paete,94373.05427,,
Palapag clay loam,Lowlands,Palapag,3675.636683,,
Palitod silt loam,Highlands,Palitod,1216.866575,,
Palompon clay,Highlands,Palompon,21186.52123,,
Panganiran clay,Lowlands,Panganiran,5501.372955,,
Pangasinan fine sand,Lowlands,Pangasinan,6798.00436,,
Pangasinan river sand,Lowlands,Pangasinan,7201.182318,,
Panupdupan clay loam,Lowlands,Panupdupan,697.4781705,,
Paoay sandy loam,Highlands,Paoay,127.8025445,,
Parang clay loam,Uplands,Parang,85031.79184,,
Pasonanca loam,Highlands,Pasonanca,195840.5522,,
Patnongon sandy clay loam,Lowlands,Patnongon,4910.917374,,
Patungan sand,Lowlands,Patnungan,51.26642675,,
Pawing sandy loam,Lowlands,Pawing,5082.472734,,
Pilar fine sandy loam,Lowlands,Pilar,2016.873306,,
Pilar silt loam,Lowlands,Pilar,6781.609288,,
Pili clay,Lowlands,Pili,9923.412424,,
Pili clay loam,Lowlands,Pili,39400.1559,,
Pili loam,Lowlands,Pili,13275.99428,,
Polillo sandy clay loam,Lowlands,Polillo,10080.51873,,
Prensa clay loam,Lowlands,Prensa,21027.82102,,
Prensa sandy loam,Lowlands,Prensa,16440.49576,,
Prensa silt loam,Lowlands,Prensa,18866.11251,,
Prensa silty clay loam,Lowlands,Prensa,8721.759665,,
Puguis loam gravelly phase,Highlands,Puguis,5836.389121,,
Pulupandan sandy loam,Lowlands,Pulupandan,16076.52406,,
Quilada sandy clay loam,Uplands,Quilada,46428.50258,,
Quingua clay,Lowlands,Quingua,13027.30087,,
Quingua clay loam,Lowlands,Quingua,125187.4635,,
Quingua loam,Lowlands,Quingua,3231.208334,,
Quingua sand,Lowlands,Quingua,10818.8605,,
Quingua sandy clay loam,Lowlands,Quingua,2688.18376,,
Quingua sandy loam,Lowlands,Quingua,4388.103855,,
Quingua silt loam,Lowlands,Quingua,179679.8868,,
Quingua silty clay,Lowlands,Quingua,626.7971907,,
Quingua silty clay loam,Lowlands,Quingua,23666.81187,,
Ramain loam,Lowlands,Ramain,4138.518336,,
Riverwash,Lowlands,Riverwash,32932.06129,,
Rizal clay,Highlands,Rizal,3625.041576,,
Rock land,Uplands,Rock land,26391.55447,,
Romblon clay,Highlands,Romblon,6740.3498,,
Rough broken land,Highlands,Rough broken land,33240.8227,,
Rough mountain land,Highlands,Rough mountain land,1980349.365,,
Rough stony land,Highlands,Rough stony land,75255.88533,,
Rubble land,Uplands,Rubble land,900.2377854,,
Rugao clay,Uplands,Rugao,56223.35752,,
Rugao clay loam,Uplands,Rugao,17754.06797,,
Rugao sandy clay loam,Uplands,Rugao,28472.51082,,
Rugao sandy loam,Uplands,Rugao,2068.951457,,
Rugnan clay loam,Lowlands,Rugnan,9236.164716,,
Sabangan loam,Highlands,Sabangan,15335.8635,,
Sagada clay loam,Highlands,Sagada,7625.545742,,
Salaman loam,Uplands,Salaman,2109.654495,,
San Fabian clay loam,Highlands,San Fabian,28840.41192,,
San Fernando clay,Lowlands,San Fernando,18055.90053,,
San Fernando clay loam,Lowlands,San Fernando,10533.2818,,
San Fernando silty clay,Lowlands,San Fernando,518.2172324,,
San Juan clay,Uplands,San Juan,89987.68548,,
San Juan sandy clay loam,Uplands,San Juan,5964.265707,,
San Manuel -Taal complex,Lowlands,San Manuel,4090.342718,,
San Manuel clay,Lowlands,San Manuel,2246.596879,,
San Manuel clay loam,Lowlands,San Manuel,161988.3558,,
San Manuel fine sandy loam,Lowlands,San Manuel,55166.07649,,
San Manuel loam,Lowlands,San Manuel,178213.0463,,
San Manuel loamy sand,Lowlands,San Manuel,3270.342032,,
San Manuel sand,Lowlands,San Manuel,14038.60265,,
San Manuel sandy clay loam,Lowlands,San Manuel,10242.98451,,
San Manuel sandy loam,Lowlands,San Manuel,136546.7733,,
San Manuel silt loam,Lowlands,San Manuel,364113.4089,,
San Manuel silty,Lowlands,San Manuel,1765.28428,,
San Manuel silty clay loam,Lowlands,San Manuel,173352.3186,,
"San Manuel soil, undifferentiated",Lowlands,San Manuel,10492.87732,,
San Rafael loam,Highlands,San Rafael,64040.11583,,
Santa Fe loam,Uplands,Santa Fe,1435.709237,,
Santa Fe sandy loam,Uplands,Santa Fe,12722.06252,,
Sapa clay loam,Highlands,Sapa,13380.89333,,
Sapian clay,Highlands,Sapian,27174.85353,,
Sara clay loam,Lowlands,Sara,7201.542229,,
Sara silt loam,Lowlands,Sara,1504.892648,,
Sariaya sandy loam,Uplands,Sariaya,6675.045151,,
Sevilla clay,Uplands,Sevilla,166183.1758,,
Sevilla clay loam,Uplands,Sevilla,9322.367619,,
Sevilla sandy clay loam,Uplands,Sevilla,5121.427596,,
Siain silt loam,Highlands,Siain,11779.6244,,
Siari silty clay,Uplands,Siari,1039.305137,,
Siaton sandy loam,Lowlands,Siaton,468.9335504,,
Sibul clay,Uplands,Sibul,159833.4651,,
Sibul clay (undifferentiated),Uplands,Sibul,40475.35306,,
Sibul clay loam,Uplands,Sibul,6266.558394,,
Sigcay clay,Highlands,Sigcay,3873.64447,,
Silay clay,Lowlands,Silay,13220.06053,,
Silay loam,Lowlands,Silay,27432.393,,
Silay sandy loam,Lowlands,Silay,29876.02557,,
Sinapangan clay,Uplands,Sinapangan,1389.901172,,
Sinolon sandy loam,Uplands,Sinolon,22405.92295,,
Sison clay loam,Highlands,Sison,24640.19729,,
Soils undefferentiated,Highlands,Soils undifferentiated,22365.51361,,
Songsong clay loam,Highlands,Songsong,6467.125186,,
Sorsogon clay loam,Lowlands,Sorsogon,175.7127578,,
Sorsogon sandy loam,Lowlands,Sorsogon,86.94344673,,
Sorsogon silty clay loam,Lowlands,Sorsogon,5301.357691,,
Sta. Filomena clay loam,Uplands,Sta. Filomena,451.5333937,,
Sta. Maria clay,Uplands,Sta. Maria,28278.3177,,
Sta. Rita clay,Lowlands,Sta. Rita,70517.49206,,
Sta. Rita clay loam,Lowlands,Sta. Rita,31876.68493,,
Sta. Rita sandy loam,Lowlands,Sta. Rita,5256.012985,,
Surigao clay loam,Highlands,Surigao,3063.120438,,
Taal fine sandy loam,Highlands,Taal,4586.88608,,
Taal loam,Highlands,Taal,41051.96346,,
Taal sandy loam,Highlands,Taal,17231.99719,,
Taal Volcano sand,Highlands,Taal,2520.658004,,
Tacdian clay loam,Highlands,Tacdian,1620.776303,,
Tacloban clay,Highlands,Tacloban,91966.87158,,
Tacloban clay loam,Highlands,Tacloban,31474.41779,,
Tadao sandy clay loam,Uplands,Tadao,4502.098642,,
Tagaytay loam,Highlands,Tagaytay,28838.55038,,
Tagaytay loam (Steep Phase),Highlands,Tagaytay,4013.424361,,
Tagaytay sandy loam,Highlands,Tagaytay,23779.89603,,
Tagburos clay,Uplands,Tagburos,72253.58141,,
Tagkawayan sandy loam,Highlands,Tagkawayan,7672.80734,,
Tagum clay loam,Uplands,Tagum,3737.849911,,
Tamontaka clay,Lowlands,Tamontaka,24817.32375,,
Tapul clay loam,Uplands,Tapul,54718.63919,,
Tarlac clay loam,Uplands,Tarlac,81832.63289,,
Tarlac clay loam  lowland phase,Uplands,Tarlac,8346.902165,,
"Tarlac clay loam, gravelly phase",Uplands,Tarlac,3161.64958,,
Tarlac sandy clay loam,Uplands,Tarlac,18100.67631,,
Tarlac soils,Uplands,Tarlac,87320.3013,,
Tarug-Faraon complex,Highlands,Tarug,1924.683973,,
Tarug clay loam,Highlands,Tarug,1396.418391,,
Tigaon clay,Highlands,Tigaon,68719.64173,,
Timbo clay loam,Uplands,Timbo,3872.855011,,
Timaga clay loam,Uplands,Timaga,59811.66775,,
Tinambulan peat,Lowlands,Tinambulan,2515.101358,,
Tingib clay loam,Lowlands,Tingib,10163.23093,,
Titay sandy clay loam,Highlands,Titay,2236.48327,,
Toran loam,Lowlands,Toran,4116.574939,,
Toran silty clay,Lowlands,Toran,28094.96433,,
Tugbok clay,Uplands,Tugbok,86319.50867,,
Tuguis clay,Highlands,Tuguis,13277.01989,,
Tupi fine sandy loam,Uplands,Tupi,76930.72069,,
Tupi loam,Uplands,Tupi,14341.17916,,
Tupi silt loam,Uplands,Tupi,60774.84812,,
Ubay clay,Uplands,Ubay,243059.7018,,
Ubay clay loam,Uplands,Ubay,32449.06892,,
Ubay sandy loam,Uplands,Ubay,49365.20481,,
Umingan clay,Lowlands,Umingan,23098.04841,,
Umingan clay loam,Lowlands,Umingan,43339.82267,,
Umingan fine sandy loam,Lowlands,Umingan,18252.80893,,
Umingan loam,Lowlands,Umingan,35373.43524,,
"Umingan loam, deep phase",Lowlands,Umingan,3006.250667,,
Umingan sand,Lowlands,Umingan,11021.69716,,
Umingan sandy clay loam,Lowlands,Umingan,198.4971566,,
Umingan sandy loam,Lowlands,Umingan,46433.27419,,
Umingan silt loam,Lowlands,Umingan,59455.32786,,
Umingan silty clay loam,Lowlands,Umingan,1878.864966,,
Victorias clay loam,Uplands,Victorias,471.1486293,,
Villar sandy loam,Uplands,Villar,5498.678937,,
Virac loam,Lowlands,Virac,978.4223339,,
Zamboanguita clay loam,Uplands,Zamboanguita,14530.25361,,
Zamboanguita sandy loam,Uplands,Zamboanguita,10098.42989,,
Zaragosa clay,Lowlands,Zaragosa,14088.66356,,